{
    "identityPoolName": "testAuthIdentityPool",
    "allowUnauthenticatedIdentities": false,
    "resourceNameTruncated": "skite4d529a4a",
    "userPoolName": "SKite",
    "autoVerifiedAttributes": [
        "phone_number"
    ],
    "mfaConfiguration": "OFF",
    "mfaTypes": [
        "SMS Text Message"
    ],
    "smsAuthenticationMessage": "Your authentication code is {####}",
    "smsVerificationMessage": "Forgot password code: {####}",
    "emailVerificationSubject": "Your verification code",
    "emailVerificationMessage": "Your verification code is {####}",
    "defaultPasswordPolicy": false,
    "passwordPolicyMinLength": 8,
    "passwordPolicyCharacters": [
        "Requires Lowercase",
        "Requires Numbers",
        "Requires Symbols",
        "Requires Uppercase"
    ],
    "requiredAttributes": [
        "email"
    ],
    "userpoolClientGenerateSecret": true,
    "userpoolClientRefreshTokenValidity": 30,
    "userpoolClientWriteAttributes": [
        "email"
    ],
    "userpoolClientReadAttributes": [
        "email"
    ],
    "userpoolClientLambdaRole": "SKite4d529a4a_userpoolclient_lambda_role",
    "userpoolClientSetAttributes": false,
    "sharedId": "4d529a4a",
    "resourceName": "SKite",
    "authSelections": "identityPoolAndUserPool",
    "authRoleArn": {
        "Fn::GetAtt": [
            "AuthRole",
            "Arn"
        ]
    },
    "unauthRoleArn": {
        "Fn::GetAtt": [
            "UnauthRole",
            "Arn"
        ]
    },
    "serviceName": "Cognito",
    "usernameAttributes": [
        "email"
    ],
    "useDefault": "manual",
    "userPoolGroups": false,
    "userPoolGroupList": [],
    "adminQueries": false,
    "thirdPartyAuth": false,
    "authProviders": [],
    "dependsOn": []
}