{
  "auth": {
    "SKite": {
      "service": "Cognito",
      "providerPlugin": "awscloudformation",
      "dependsOn": [],
      "customAuth": false
    }
  },
  "api": {
    "SKite": {
      "service": "AppSync",
      "providerPlugin": "awscloudformation",
      "output": {
        "authConfig": {
          "defaultAuthentication": {
            "authenticationType": "AMAZON_COGNITO_USER_POOLS",
            "userPoolConfig": {
              "userPoolId": "authSKite"
            }
          },
          "additionalAuthenticationProviders": [
            {
              "authenticationType": "AWS_IAM"
            }
          ]
        }
      }
    }
  }
}